Confirmation_Code,Status,Start_Date,End_Date,Number_of_Nights,Reserved,Revenue,Apartment_code,Owner
HMWSB8TNDQ,Past traveler,2022-02-24,2022-03-02,6,2022-02-23,328.44,Alia 41,Mohamed
HMXWMZENHQ,Past traveler,2022-03-01,2022-03-04,3,2022-03-01,133.47,Alia 37,Mounia
HMZAN24YA8,Past traveler,2022-03-04,2022-03-06,2,2022-02-26,110.97,Alia 41,Mohamed
HMT589HXMH,Past traveler,2022-03-05,2022-03-07,2,2022-03-04,95.45,Alia 37,Mounia
HMQAYZ5RMJ,Past traveler,2022-03-07,2022-03-11,4,2022-03-07,228.92,Alia 41,Mohamed
HMTSXZQMQ5,Past traveler,2022-03-07,2022-03-14,7,2022-03-02,308.38,Alia 37,Mounia
HM83DYC5XC,Past traveler,2022-03-11,2022-03-14,3,2022-03-01,156.75,Alia 41,Mohamed
HMS5B54F8M,Past traveler,2022-03-14,2022-03-16,2,2022-03-12,114.46,Alia 41,Mohamed
HMXCWHMA95,Past traveler,2022-03-18,2022-03-20,2,2022-03-15,114.46,Alia 41,Mohamed
HM4K8TB853,Past traveler,2022-03-19,2022-03-21,2,2022-03-19,114.46,Alia 37,Mounia
HMJY8EBPC9,Past traveler,2022-03-20,2022-03-28,8,2022-03-20,362.2,Alia 41,Mohamed
HMSA8EC8KA,Past traveler,2022-03-22,2022-03-29,7,2022-03-05,335.47,Alia 37,Mounia
HMR88JTSTC,Past traveler,2022-03-29,2022-03-31,2,2022-03-16,114.46,Alia 41,Mohamed
HMHCP4FATJ,Past traveler,2022-03-29,2022-04-01,3,2022-03-28,159.61,Alia 37,Mounia
HMYBBMZX55,Past traveler,2022-04-01,2022-04-03,2,2022-04-01,109.71,Alia 41,Mohamed
HMKNTANFR5,Past traveler,2022-04-09,2022-04-13,4,2022-03-23,209.52,Alia 41,Mohamed
HMZA3HEHCH,Past traveler,2022-04-15,2022-04-17,2,2022-04-15,100.49,Alia 41,Mohamed
HMRK3YDKBY,Past traveler,2022-04-17,2022-04-19,2,2022-04-17,100.49,Alia 41,Mohamed
HMNQARHXXC,Past traveler,2022-04-25,2022-05-02,7,2022-04-17,307.83,Alia 41,Mohamed
HMQAD8Z84C,Past traveler,2022-04-30,2022-05-03,3,2022-04-28,157.14,Alia 37,Mounia
HMFRF54DPR,Past traveler,2022-05-03,2022-05-07,4,2022-04-17,209.52,Alia 41,Mohamed
HMTJRSDCHX,Past traveler,2022-05-04,2022-05-19,15,2022-04-25,654.31,Alia 37,Mounia
HM9BPM9DWA,Past traveler,2022-05-07,2022-05-10,3,2022-04-17,161.99,Alia 41,Mohamed
HMK2EAQRQB,Past traveler,2022-05-10,2022-05-13,3,2022-04-14,161.99,Alia 41,Mohamed
HMCRCAHJEX,Past traveler,2022-05-13,2022-05-20,7,2022-04-13,335.47,Alia 41,Mohamed
HMNP8BH9BS,Past traveler,2022-05-19,2022-05-23,4,2022-04-23,215.34,Alia 37,Mounia
HMKM2YBHNR,Past traveler,2022-05-20,2022-05-29,9,2022-05-19,411.59,Alia 22,Mohamed
HMS8B3JT9W,Past traveler,2022-05-20,2022-05-30,10,2022-05-15,507.79,Alia 41,Mohamed
HMEFFEPCRK,Past traveler,2022-05-23,2022-05-31,8,2022-05-19,358.9,Alia 37,Mounia
HM3D5ZBAXH,Past traveler,2022-05-29,2022-06-01,3,2022-05-21,156.17,Alia 22,Mohamed
HM8BHX3EKF,Past traveler,2022-05-30,2022-06-01,2,2022-05-28,110.58,Alia 41,Mohamed
HMM9JTPRB9,Past traveler,2022-06-01,2022-06-06,5,2022-05-31,266.31,Alia 37,Mounia
HMDSZH35J5,Past traveler,2022-06-01,2022-06-15,14,2022-05-27,627.78,Alia 22,Mohamed
HMFYD9QBBF,Past traveler,2022-06-02,2022-06-08,6,2022-05-28,322.04,Alia 41,Mohamed
HMKKKTQBBY,Past traveler,2022-06-07,2022-06-11,4,2022-06-05,213.4,Alia 37,Mounia
HMZC95TWE9,Past traveler,2022-06-10,2022-06-13,3,2022-06-01,179.45,Alia 41,Mohamed
HMXC3SDS2T,Past traveler,2022-06-11,2022-07-01,20,2022-05-31,952.49,Alia 37,Mounia
HMDEX3XZNC,Past traveler,2022-06-13,2022-06-19,6,2022-06-06,322.04,Alia 41,Mohamed
HMA9XNYRKT,Past traveler,2022-06-16,2022-06-25,9,2022-06-12,368.6,Alia 22,Mohamed
HMM3X4SHN4,Past traveler,2022-06-25,2022-06-28,3,2022-06-16,170.72,Alia 41,Mohamed
HM28M9WKWJ,Past traveler,2022-06-30,2022-07-03,3,2022-06-30,171.45,Alia 41,Mohamed
HMXQESTDJF,Past traveler,2022-07-01,2022-07-31,30,2022-06-29,1406.5,Alia 37,Mounia
HMNHSHDAPT,Past traveler,2022-07-02,2022-07-04,2,2022-06-24,118.34,Alia 22,Mohamed
HMBMH2FRAZ,Past traveler,2022-07-08,2022-07-19,11,2022-06-14,573.22,Alia 41,Mohamed
HMF9Z4PCAC,Past traveler,2022-07-09,2022-07-25,16,2022-06-22,733.32,Alia 22,Mohamed
HMDFCEHQQX,Past traveler,2022-07-22,2022-07-27,5,2022-07-21,254.67,Alia 41,Mohamed
HMXQJQBKSP,Cancelled by the traveler,2022-07-24,2022-08-05,12,2022-05-20,313.31,Alia 41,Mohamed
HMBZBHQ3K5,Past traveler,2022-07-27,2022-07-30,3,2022-07-27,150.74,Alia 41,Mohamed
HM8YJRPTHS,Past traveler,2022-07-28,2022-08-06,9,2022-07-27,481.06,Alia 22,Mohamed
HMB4CEJPYQ,Past traveler,2022-07-30,2022-08-05,6,2022-07-23,347.26,Alia 41,Mohamed
HM5AX4P2K8,Past traveler,2022-08-02,2022-08-05,3,2022-07-30,185.27,Alia 37,Mounia
HMQ9B2QT4Y,Past traveler,2022-08-05,2022-08-08,3,2022-08-03,182.36,Alia 41,Mohamed
HMTYAF9K3Y,Past traveler,2022-08-05,2022-08-08,3,2022-08-03,185.27,Alia 37,Mounia
HM2TNYJTWN,Past traveler,2022-08-06,2022-08-09,3,2022-08-06,160.09,Alia 22,Mohamed
HMKEWE3C92,Cancelled by the traveler,2022-08-08,2022-08-11,3,2022-08-07,157.38,Alia 41,Mohamed
HMDNAP3BCN,Past traveler,2022-08-08,2022-08-11,3,2022-08-08,174.6,Alia 41,Mohamed
HM3ZM5ER5P,Cancelled by the traveler,2022-08-09,2022-08-13,4,2022-07-08,110.58,Alia 41,Mohamed
HMDSTBK4SC,Past traveler,2022-08-09,2022-08-13,4,2022-08-09,271.6,Alia 37,Mounia
HMKRCJK2D4,Past traveler,2022-08-10,2022-08-21,11,2022-08-07,542.23,Alia 22,Mohamed
HMJP8K824C,Past traveler,2022-08-11,2022-08-14,3,2022-08-07,184.3,Alia 41,Mohamed
HMA9JQT8BA,Past traveler,2022-08-14,2022-08-22,8,2022-08-09,380.63,Alia 41,Mohamed
HMDM999D2N,Past traveler,2022-08-16,2022-08-28,12,2022-08-11,549.02,Alia 37,Mounia
HMM8NCHJFK,Past traveler,2022-08-21,2022-08-24,3,2022-08-20,132.13,Alia 22,Mohamed
HMHTFW9SMY,Past traveler,2022-08-22,2022-08-29,7,2022-08-20,353.9,Alia 41,Mohamed
HM2ZPCMRRR,Past traveler,2022-08-24,2022-08-28,4,2022-08-20,192.06,Alia 22,Mohamed
HMBPM34F5S,Past traveler,2022-08-29,2022-09-08,10,2022-08-17,498.58,Alia 41,Mohamed
HM8X8KWW5C,Past traveler,2022-08-31,2022-09-05,5,2022-08-25,223.1,Alia 22,Mohamed
HMNPFZ3BDB,Past traveler,2022-08-31,2022-09-07,7,2022-08-15,322.04,Alia 37,Mounia
HMXP3XARY4,Past traveler,2022-09-06,2022-09-08,2,2022-09-06,99.25,Alia 22,Mohamed
HMKRSYD2ET,Past traveler,2022-09-07,2022-09-14,7,2022-09-06,324.95,Alia 37,Mounia
HM2PCMEFM4,Past traveler,2022-09-08,2022-09-11,3,2022-09-06,151.32,Alia 22,Mohamed
HMRPS8SRB3,Past traveler,2022-09-09,2022-09-11,2,2022-08-31,121.25,Alia 41,Mohamed
HMHF3W2FQD,Past traveler,2022-09-11,2022-09-13,2,2022-09-10,94.3,Alia 22,Mohamed
HMPH3WPCBR,Past traveler,2022-09-11,2022-09-15,4,2022-09-10,191.82,Alia 41,Mohamed
HMRNJ55994,Past traveler,2022-09-13,2022-09-18,5,2022-09-10,218.44,Alia 22,Mohamed
HMN35DDJZZ,Past traveler,2022-09-15,2022-09-17,2,2022-09-08,120.28,Alia 41,Mohamed
HMHYQTYZZH,Past traveler,2022-09-15,2022-09-20,5,2022-09-15,232.8,Alia 37,Mounia
HM9ME55AWE,Past traveler,2022-09-17,2022-09-23,6,2022-06-04,290.32,Alia 41,Mohamed
HM3ZHN3NTN,Past traveler,2022-09-18,2022-09-20,2,2022-09-18,95.45,Alia 22,Mohamed
HMKM4WETAS,Past traveler,2022-09-20,2022-09-23,3,2022-09-15,148.41,Alia 22,Mohamed
HMSA2PCTFY,Past traveler,2022-09-20,2022-09-25,5,2022-09-19,257.05,Alia 37,Mounia
HM2M2RRNMT,Past traveler,2022-09-23,2022-09-25,2,2022-09-18,120.28,Alia 41,Mohamed
HMQH4T2XFT,Past traveler,2022-09-24,2022-09-28,4,2022-09-17,192.06,Alia 22,Mohamed
HMT2DT4RX2,Past traveler,2022-09-25,2022-10-02,7,2022-09-25,362.78,Alia 37,Mounia
HMZY8R8589,Past traveler,2022-09-26,2022-09-29,3,2022-09-23,170.72,Alia 41,Mohamed
HMWAHR4NRJ,Past traveler,2022-09-28,2022-10-01,3,2022-09-25,146.47,Alia 22,Mohamed
HMYZQ5EQM9,Past traveler,2022-09-29,2022-10-01,2,2022-09-28,117.76,Alia 41,Mohamed
HM4WDTYJHE,Past traveler,2022-10-01,2022-10-03,2,2022-10-01,115.24,Alia 41,Mohamed
HMSKCZ9PD5,Past traveler,2022-10-01,2022-10-07,6,2022-09-22,287.12,Alia 22,Mohamed
HM4J8NJ58R,Past traveler,2022-10-04,2022-10-06,2,2022-10-04,121.25,Alia 41,Mohamed
HM2QQ25TWE,Past traveler,2022-10-06,2022-10-10,4,2022-08-15,200.01,Alia 41,Mohamed
HMRS8Q8JM8,Past traveler,2022-10-07,2022-10-10,3,2022-09-30,176.54,Alia 37,Mounia
HMT324583X,Past traveler,2022-10-08,2022-10-18,10,2022-10-02,495.82,Alia 22,Mohamed
HM3HKKQP89,Past traveler,2022-10-11,2022-10-14,3,2022-10-11,151.51,Alia 37,Mounia
HMY3PAF3NH,Past traveler,2022-10-12,2022-10-16,4,2022-10-05,233.77,Alia 41,Mohamed
HM835Z5AHH,Past traveler,2022-10-14,2022-10-16,2,2022-10-12,115.43,Alia 37,Mounia
HMR39DX4NP,Past traveler,2022-10-16,2022-10-21,5,2022-10-14,288.09,Alia 41,Mohamed
HMM4AN4CTM,Past traveler,2022-10-17,2022-10-27,10,2022-08-22,459.88,Alia 37,Mounia
HMHMC3QP8F,Past traveler,2022-10-18,2022-10-20,2,2022-10-18,110.66,Alia 22,Mohamed
HMNTAYTY35,Past traveler,2022-10-21,2022-10-26,5,2022-10-08,288.09,Alia 41,Mohamed
HMFTRSWK8Y,Past traveler,2022-10-21,2022-10-27,6,2022-10-10,288.09,Alia 22,Mohamed
HMNTYWJ5TR,Past traveler,2022-10-26,2022-10-30,4,2022-10-25,218.01,Alia 41,Mohamed
HMTQCPWSFE,Past traveler,2022-10-27,2022-10-29,2,2022-10-25,97.0,Alia 22,Mohamed
HMD9TTP2YD,Past traveler,2022-10-28,2022-10-30,2,2022-10-23,145.5,Alia 37,Mounia
HMAYD4FEJ5,Past traveler,2022-10-29,2022-11-01,3,2022-10-27,147.44,Alia 22,Mohamed
HMYM9FBWC8,Past traveler,2022-11-01,2022-11-03,2,2022-10-31,117.35,Alia 37,Mounia
HM8E4PBZ2J,Past traveler,2022-11-01,2022-11-11,10,2022-10-31,467.25,Alia 22,Mohamed
HMZ3X5EBH5,Past traveler,2022-11-02,2022-11-04,2,2022-10-30,130.95,Alia 41,Mohamed
HM2TWWR9DW,Past traveler,2022-11-04,2022-11-06,2,2022-11-01,123.19,Alia 37,Mounia
HM8ZJ3N9EK,Past traveler,2022-11-04,2022-11-06,2,2022-11-02,131.92,Alia 41,Mohamed
HMTN8JTEDT,Past traveler,2022-11-08,2022-11-10,2,2022-11-07,118.34,Alia 37,Mounia
HMNYFPYDBT,Past traveler,2022-11-08,2022-11-10,2,2022-11-08,115.24,Alia 41,Mohamed
HM4N45RCDY,Past traveler,2022-11-10,2022-11-20,10,2022-11-02,548.34,Alia 41,Mohamed
HM3RBDXTQT,Past traveler,2022-11-10,2022-11-20,10,2022-11-06,484.03,Alia 37,Mounia
HM3N4XTJH4,Past traveler,2022-11-11,2022-11-14,3,2022-11-09,161.99,Alia 22,Mohamed
HMP9WK949Q,Past traveler,2022-11-14,2022-11-21,7,2022-10-28,329.02,Alia 22,Mohamed
HMECRY8FQP,Past traveler,2022-11-21,2022-11-25,4,2022-10-27,237.65,Alia 41,Mohamed
HMSQTEH5JR,Past traveler,2022-11-22,2022-11-24,2,2022-11-19,95.06,Alia 22,Mohamed
HMEKSRQK45,Past traveler,2022-11-22,2022-11-28,6,2022-11-15,326.89,Alia 37,Mounia
HMJMY8JKX4,Past traveler,2022-11-24,2022-11-27,3,2022-11-07,154.23,Alia 22,Mohamed
HMQTZP5DKB,Past traveler,2022-11-25,2022-11-29,4,2022-11-21,217.28,Alia 41,Mohamed
HMQ5YZM3WA,Past traveler,2022-11-27,2022-11-30,3,2022-11-27,142.86,Alia 22,Mohamed
HMCYCXD23N,Past traveler,2022-11-28,2022-11-30,2,2022-11-28,112.56,Alia 37,Mounia
HMQHK3MHHX,Past traveler,2022-11-30,2022-12-07,7,2022-11-16,368.65,Alia 41,Mohamed
HMPNZDQ8EB,Past traveler,2022-12-01,2022-12-03,2,2022-12-01,103.05,Alia 22,Mohamed
HMMCKEFAWW,Past traveler,2022-12-01,2022-12-04,3,2022-11-30,158.15,Alia 37,Mounia
HM382WJYYF,Past traveler,2022-12-03,2022-12-13,10,2022-11-27,416.13,Alia 22,Mohamed
HMXJ8AA8QP,Past traveler,2022-12-04,2022-12-07,3,2022-12-04,160.09,Alia 37,Mounia
HM32X99AZP,Past traveler,2022-12-07,2022-12-09,2,2022-12-07,102.33,Alia 41,Mohamed
HMNN34YR8Y,Past traveler,2022-12-08,2022-12-12,4,2022-10-28,200.01,Alia 37,Mounia
HMW94BMHYP,Past traveler,2022-12-09,2022-12-16,7,2022-10-26,354.83,Alia 41,Mohamed
HMBQW9WS5Q,Past traveler,2022-12-12,2022-12-15,3,2022-12-10,155.06,Alia 37,Mounia
HMRZWMJJFC,Past traveler,2022-12-15,2022-12-19,4,2022-12-13,239.45,Alia 37,Mounia
HMA8AK3FYE,Past traveler,2022-12-15,2022-12-21,6,2022-12-06,281.3,Alia 22,Mohamed
HMW884XP5B,Past traveler,2022-12-17,2022-12-19,2,2022-11-29,122.22,Alia 41,Mohamed
HMRDTCSW4Q,Past traveler,2022-12-19,2022-12-24,5,2022-12-16,287.12,Alia 41,Mohamed
HMYS24N2BD,Past traveler,2022-12-19,2022-12-24,5,2022-12-19,250.34,Alia 37,Mounia
HMWXCMTER5,Past traveler,2022-12-21,2022-12-27,6,2022-12-08,281.3,Alia 22,Mohamed
HMHTXQXCW5,Cancelled by the traveler,2022-12-24,2022-12-29,5,2022-12-19,232.8,Alia 37,Mounia
HMZ252TDMY,Past traveler,2022-12-27,2023-01-01,5,2022-12-08,310.4,Alia 41,Mohamed
HMNDZYNQ52,Past traveler,2022-12-27,2023-01-03,7,2022-12-08,360.35,Alia 22,Mohamed
HMX3AYX4JQ,Past traveler,2023-01-02,2023-01-10,8,2022-12-29,451.58,Alia 41,Mohamed
HMR35DWQ2F,Past traveler,2023-01-04,2023-01-07,3,2023-01-01,159.08,Alia 22,Mohamed
HMCMED5ESX,Past traveler,2023-01-07,2023-01-10,3,2022-12-31,159.08,Alia 22,Mohamed
HMR9D3NZJ5,Past traveler,2023-01-08,2023-01-11,3,2023-01-07,161.99,Alia 37,Mounia
HM2PAFNAK2,Past traveler,2023-01-10,2023-01-12,2,2023-01-10,95.45,Alia 22,Mohamed
HMPX2ZQKD8,Past traveler,2023-01-10,2023-01-16,6,2022-12-21,304.58,Alia 41,Mohamed
HMD4MR34WM,Past traveler,2023-01-11,2023-01-15,4,2023-01-10,208.57,Alia 37,Mounia
HM3YRP3ASJ,Past traveler,2023-01-12,2023-01-15,3,2023-01-06,156.17,Alia 22,Mohamed
HME2HWAJNA,Past traveler,2023-01-16,2023-01-19,3,2023-01-09,161.99,Alia 37,Mounia
HMXYSCXWWA,Past traveler,2023-01-16,2023-01-19,3,2023-01-09,135.8,Alia 22,Mohamed
HMKWZ238W4,Past traveler,2023-01-18,2023-01-20,2,2023-01-16,110.58,Alia 41,Mohamed
HM9CAXFSWX,Past traveler,2023-01-19,2023-01-23,4,2023-01-17,174.6,Alia 22,Mohamed
HMKHZ5RXDS,Past traveler,2023-01-21,2023-01-25,4,2023-01-17,235.71,Alia 41,Mohamed
HMS3WWWBWK,Past traveler,2023-01-21,2023-01-30,9,2023-01-15,425.78,Alia 37,Mounia
HM2WFATBKE,Cancelled by the traveler,2023-01-22,2023-01-28,6,2023-01-09,168.78,Alia 41,Mohamed
HMHYKAD4EN,Past traveler,2023-01-23,2023-01-28,5,2023-01-14,221.16,Alia 22,Mohamed
HMMDK94ZFH,Past traveler,2023-01-27,2023-01-29,2,2023-01-24,123.19,Alia 41,Mohamed
HMNH8NJDE2,Cancelled by the traveler,2023-01-28,2023-01-30,2,2023-01-27,105.63,Alia 22,Mohamed
HM2THXPTME,Past traveler,2023-01-29,2023-02-02,4,2023-01-28,207.14,Alia 41,Mohamed
HM84HHK4MH,Past traveler,2023-01-30,2023-02-02,3,2023-01-17,135.8,Alia 22,Mohamed
HMQEB8QQXA,Past traveler,2023-01-30,2023-02-04,5,2023-01-19,257.05,Alia 37,Mounia
HM3T2EN4KM,Past traveler,2023-02-03,2023-02-05,2,2023-02-02,125.03,Alia 22,Mohamed
HMSKKENNJQ,Past traveler,2023-02-03,2023-02-10,7,2023-01-27,335.47,Alia 41,Mohamed
HMKR35HMM9,Past traveler,2023-02-04,2023-02-06,2,2023-02-03,113.51,Alia 37,Mounia
HM84CX4NRY,Past traveler,2023-02-05,2023-02-08,3,2023-02-04,158.98,Alia 22,Mohamed
HMEHRR9CBT,Past traveler,2023-02-06,2023-02-11,5,2023-01-27,257.05,Alia 37,Mounia
HMDYYZE2YF,Past traveler,2023-02-09,2023-02-12,3,2023-02-04,158.11,Alia 22,Mohamed
HM4NY5ZSB8,Past traveler,2023-02-10,2023-03-25,43,2023-01-03,1858.82,Alia 41,Mohamed
HMHZ4KQDA9,Past traveler,2023-02-14,2023-02-16,2,2023-02-14,112.56,Alia 37,Mounia
HMP4X5YJSP,Past traveler,2023-02-15,2023-02-20,5,2023-02-04,245.41,Alia 22,Mohamed
HMQCKZSQJY,Past traveler,2023-02-18,2023-03-02,12,2023-02-16,561.24,Alia 37,Mounia
HMXCJNP8K8,Past traveler,2023-02-21,2023-02-24,3,2023-02-18,147.44,Alia 22,Mohamed
HM94YP5JRT,Past traveler,2023-02-24,2023-02-27,3,2023-02-22,161.99,Alia 22,Mohamed
HMZTSSEQEY,Past traveler,2023-02-27,2023-04-30,62,2023-02-08,2813.63,Alia 22,Mohamed
HMRD2YBYBX,Past traveler,2023-03-03,2023-03-07,4,2023-02-21,215.34,Alia 37,Mounia
HMRBF9N2KX,Past traveler,2023-03-07,2023-03-11,4,2023-03-06,208.57,Alia 37,Mounia
HM2BXXW28Y,Past traveler,2023-03-11,2023-03-13,2,2023-03-10,113.51,Alia 37,Mounia
HMF2RF9CJ9,Past traveler,2023-03-13,2023-03-15,2,2023-03-13,123.97,Alia 37,Mounia
HMF99FH9D2,Past traveler,2023-03-15,2023-03-18,3,2023-03-14,178.38,Alia 37,Mounia
HMKNA4MAB5,Past traveler,2023-03-18,2023-03-20,2,2023-03-08,114.46,Alia 37,Mounia
HME2JNX94B,Past traveler,2023-03-20,2023-03-22,2,2023-03-20,112.56,Alia 37,Mounia
HMJ3FW838Z,Past traveler,2023-04-20,2023-04-24,4,2023-04-13,232.8,Alia 41,Mohamed
HMM28ZR8MA,Past traveler,2023-04-25,2023-04-29,4,2023-04-24,230.13,Alia 41,Mohamed
HMQCP4WMT3,Past traveler,2023-04-28,2023-04-30,2,2023-04-27,114.46,Alia 37,Mounia
HMJTS2DCTN,Past traveler,2023-04-29,2023-05-01,2,2023-04-27,126.1,Alia 41,Mohamed
HMCFCP434Q,Past traveler,2023-04-30,2023-05-02,2,2023-04-29,113.51,Alia 37,Mounia
HM45QQN4X2,Past traveler,2023-04-30,2023-05-02,2,2023-04-30,112.56,Alia 22,Mohamed
HMCYC4XQDP,Past traveler,2023-05-02,2023-05-06,4,2023-04-01,222.13,Alia 41,Mohamed
HMF52CRJYE,Past traveler,2023-05-02,2023-05-06,4,2023-04-30,209.52,Alia 22,Mohamed
HMWFE84AT8,Past traveler,2023-05-03,2023-05-06,3,2023-04-19,179.45,Alia 37,Mounia
HMBDF52EP8,Past traveler,2023-05-06,2023-05-09,3,2023-05-06,160.09,Alia 37,Mounia
HMTQ9HYMCE,Past traveler,2023-05-07,2023-05-12,5,2023-05-04,271.6,Alia 41,Mohamed
HMP89FZNBF,Past traveler,2023-05-07,2023-05-13,6,2023-05-03,263.84,Alia 22,Mohamed
HMKYAFD4DC,Past traveler,2023-05-09,2023-05-12,3,2023-05-02,173.63,Alia 37,Mounia
HMNQ2WFPXP,Past traveler,2023-05-12,2023-05-16,4,2023-05-11,208.57,Alia 37,Mounia
HMZJ4MFSY5,Past traveler,2023-05-12,2023-05-22,10,2023-05-12,480.15,Alia 41,Mohamed
HMW8TNYBTP,Past traveler,2023-05-13,2023-05-18,5,2023-05-09,223.1,Alia 22,Mohamed
HM5DFNMWKE,Past traveler,2023-05-14,2023-05-17,3,2023-05-14,390.76,Oumnia A2 17,Mounia
HMA353SPRM,Past traveler,2023-05-17,2023-05-26,9,2023-05-17,429.47,Alia 37,Mounia
HMH5WE9FND,Past traveler,2023-05-18,2023-05-21,3,2023-05-15,141.62,Alia 22,Mohamed
HM4X9NP2Q5,Past traveler,2023-05-21,2023-06-05,15,2023-05-11,599.94,Alia 22,Mohamed
HM3QQRY9AX,Past traveler,2023-05-22,2023-06-01,10,2023-01-09,470.93,Alia 41,Mohamed
HM383P92JQ,Past traveler,2023-05-25,2023-05-27,2,2023-05-17,298.76,Oumnia A2 17,Mounia
HMC5PB29MN,Past traveler,2023-05-26,2023-06-01,6,2023-05-25,303.63,Alia 37,Mounia
HMZ8ZQMHZ3,Past traveler,2023-05-27,2023-06-03,7,2023-05-12,893.56,Oumnia A2 17,Mounia
HMHXRWYPWT,Past traveler,2023-06-01,2023-06-04,3,2023-05-30,194.0,Alia 41,Mohamed
HM8JCYH933,Past traveler,2023-06-01,2023-06-07,6,2023-05-30,304.58,Alia 37,Mounia
HMS4PHS2EC,Past traveler,2023-06-04,2023-06-18,14,2023-05-21,1668.79,Oumnia A2 17,Mounia
HMZ4MCSKB3,Past traveler,2023-06-06,2023-06-12,6,2023-05-26,281.3,Alia 22,Mohamed
HM4N4ETX5X,Past traveler,2023-06-07,2023-06-09,2,2023-06-07,112.56,Alia 37,Mounia
HMBPTWRP24,Past traveler,2023-06-09,2023-06-12,3,2023-06-09,157.24,Alia 41,Mohamed
HMDE5EM4TK,Past traveler,2023-06-12,2023-06-19,7,2023-06-11,335.47,Alia 41,Mohamed
HMTDD23TCX,Past traveler,2023-06-15,2023-06-20,5,2023-06-15,207.04,Alia 22,Mohamed
HMDZWHPFJ4,Past traveler,2023-06-17,2023-06-19,2,2023-06-17,104.95,Alia 37,Mounia
HM8E95WBQZ,Past traveler,2023-06-18,2023-06-23,5,2023-05-14,661.54,Oumnia A2 17,Mounia
HMZDAM5DE9,Past traveler,2023-06-20,2023-06-25,5,2023-06-13,237.65,Alia 22,Mohamed
HMM9HS5RNH,Past traveler,2023-06-20,2023-06-27,7,2023-06-14,313.36,Alia 37,Mounia
HMYWXTYATT,Past traveler,2023-06-20,2023-06-27,7,2023-06-20,312.44,Alia 41,Mohamed
HM5NT2ZHFA,Past traveler,2023-06-25,2023-06-27,2,2023-06-25,93.55,Alia 22,Mohamed
HMNJYBNPW5,Past traveler,2023-06-29,2023-07-02,3,2023-05-30,508.28,Oumnia A2 17,Mounia
HMB44XE22A,Past traveler,2023-06-29,2023-08-22,54,2023-06-04,2702.13,Alia 41,Mohamed
HM5NR8SCAK,Past traveler,2023-07-01,2023-07-04,3,2023-07-01,150.58,Alia 37,Mounia
HM3FN29358,Past traveler,2023-07-02,2023-07-06,4,2023-06-21,494.7,Oumnia A2 17,Mounia
HMNWHPQCAA,Past traveler,2023-07-02,2023-07-10,8,2023-07-02,351.14,Alia 22,Mohamed
HMQMWE3RCY,Past traveler,2023-07-10,2023-07-14,4,2023-07-09,166.1,Alia 22,Mohamed
HM5E2HD5B8,Past traveler,2023-07-14,2023-07-17,3,2023-07-07,179.45,Alia 37,Mounia
HMPHQQCKWY,Past traveler,2023-07-14,2023-07-17,3,2023-07-13,129.24,Alia 22,Mohamed
HMFRBAM853,Past traveler,2023-07-16,2023-07-23,7,2023-07-02,812.37,Oumnia A2 17,Mounia
HMRJZWAY4D,Past traveler,2023-07-23,2023-07-25,2,2023-07-19,261.9,Oumnia A2 17,Mounia
HMJT4SMZY4,Past traveler,2023-07-23,2023-07-31,8,2023-07-23,343.77,Alia 37,Mounia
HM2A32Y4FQ,Past traveler,2023-07-26,2023-07-28,2,2023-07-08,298.76,Oumnia A2 17,Mounia
HMN9Q8R889,Past traveler,2023-07-26,2023-07-28,2,2023-07-26,112.56,Alia 22,Mohamed
HMTPME5RHH,Trip modification sent,2023-07-28,2023-07-31,3,2023-07-28,160.09,Alia 22,Mohamed
HMNABSKAKK,Past traveler,2023-07-28,2023-08-03,6,2023-07-27,774.79,Oumnia A2 17,Mounia
HM42E8CS54,Past traveler,2023-07-31,2023-08-13,13,2023-07-23,606.4,Alia 37,Mounia
HMFYTR4NA8,Past traveler,2023-08-01,2023-08-07,6,2023-08-01,279.55,Alia 22,Mohamed
HMQQCKF2A3,Past traveler,2023-08-03,2023-08-05,2,2023-06-20,339.5,Oumnia A2 17,Mounia
HMTMWMX3WJ,Past traveler,2023-08-06,2023-08-09,3,2023-07-27,412.25,Oumnia A2 17,Mounia
HME5Z9M23F,Past traveler,2023-08-07,2023-08-09,2,2023-08-07,104.95,Alia 22,Mohamed
HM94XH24CB,Past traveler,2023-08-09,2023-08-11,2,2023-08-09,394.21,Oumnia A2 17,Mounia
HMK8HDHDW8,Past traveler,2023-08-09,2023-08-12,3,2023-08-08,149.48,Alia 22,Mohamed
HMFX58S38D,Past traveler,2023-08-11,2023-08-18,7,2023-06-22,965.15,Oumnia A2 17,Mounia
HMSBPYQQ23,Past traveler,2023-08-12,2023-08-14,2,2023-08-09,106.7,Alia 22,Mohamed
HMK29592ZX,Past traveler,2023-08-13,2023-08-20,7,2023-08-12,335.47,Alia 37,Mounia
HMJ4ZK4C4M,Past traveler,2023-08-14,2023-08-20,6,2023-08-05,281.3,Alia 22,Mohamed
HM5THEPD2F,Past traveler,2023-08-18,2023-08-20,2,2023-08-18,430.7,Oumnia A2 17,Mounia
HM5C44NSEB,Past traveler,2023-08-20,2023-08-23,3,2023-08-20,157.22,Alia 22,Mohamed
HMMK8XPREA,Past traveler,2023-08-20,2023-08-27,7,2023-07-15,965.15,Oumnia A2 17,Mounia
HM3BHCSAMX,Past traveler,2023-08-20,2023-08-30,10,2023-08-19,470.93,Alia 37,Mounia
HMYZWHJZ54,Past traveler,2023-08-22,2023-08-24,2,2023-08-22,107.86,Alia 41,Mohamed
HMC2YNN9AY,Past traveler,2023-08-23,2023-08-27,4,2023-08-23,203.78,Alia 22,Mohamed
HMTWSJEWKY,Past traveler,2023-08-24,2023-08-27,3,2023-08-24,152.1,Alia 41,Mohamed
HM2K34XXBZ,Cancelled by the traveler,2023-08-25,2023-08-29,4,2023-08-12,95.06,Alia 37,Mounia
HM5J9DR3FT,Past traveler,2023-08-28,2023-09-07,10,2023-08-25,461.72,Alia 41,Mohamed
HMCTF4TFCD,Past traveler,2023-08-29,2023-09-02,4,2023-08-27,611.1,Oumnia A2 17,Mounia
HM2WZH3C4J,Past traveler,2023-09-01,2023-09-03,2,2023-09-01,106.86,Alia 37,Mounia
HMXE5CRXQA,Past traveler,2023-09-01,2023-09-03,2,2023-09-01,104.95,Alia 22,Mohamed
HM49EFEB2Z,Past traveler,2023-09-03,2023-09-07,4,2023-09-02,193.03,Alia 22,Mohamed
HMJQY9X5QE,Past traveler,2023-09-03,2023-09-17,14,2023-09-03,629.43,Alia 37,Mounia
HMRDNC3D55,Past traveler,2023-09-07,2023-09-10,3,2023-09-07,148.6,Alia 22,Mohamed
HMJERPJ8Z3,Past traveler,2023-09-07,2023-09-12,5,2023-09-02,257.05,Alia 41,Mohamed
HMW2PH4RPA,Past traveler,2023-09-09,2023-09-16,7,2023-07-16,897.25,Oumnia A2 17,Mounia
HMKPKDNC52,Past traveler,2023-09-12,2023-09-21,9,2023-08-25,434.08,Alia 41,Mohamed
HMPFSHWCSK,Past traveler,2023-09-14,2023-09-19,5,2023-09-14,205.52,Alia 22,Mohamed
HM9TPTETYS,Past traveler,2023-09-20,2023-09-24,4,2023-09-19,169.96,Alia 22,Mohamed
HMCCJ3PX83,Past traveler,2023-09-20,2023-09-25,5,2023-09-14,223.1,Alia 37,Mounia
HMEB92W2AA,Past traveler,2023-09-22,2023-09-25,3,2023-09-22,154.42,Alia 41,Mohamed
HMXTD49KD8,Past traveler,2023-09-23,2023-09-26,3,2023-09-06,368.6,Oumnia A2 17,Mounia
HMBJS2X93Y,Past traveler,2023-09-26,2023-10-03,7,2023-09-26,290.32,Alia 41,Mohamed
HMKX9AS5J9,Past traveler,2023-09-27,2023-09-30,3,2023-09-27,352.01,Oumnia A2 17,Mounia
HMBPSFKTTB,Past traveler,2023-10-03,2023-10-05,2,2023-10-03,85.36,Alia 22,Mohamed
HM9ZMNRJN3,Past traveler,2023-10-04,2023-10-08,4,2023-10-04,192.25,Alia 22,Mohamed
HMN8JKCFX4,Past traveler,2023-10-05,2023-10-10,5,2023-09-19,674.15,Oumnia A2 17,Mounia
HMNEHXXJ3C,Past traveler,2023-10-06,2023-10-13,7,2023-10-02,309.67,Alia 41,Mohamed
HMRHTWSFSB,Past traveler,2023-10-07,2023-10-14,7,2023-10-02,316.12,Alia 37,Mounia
HMS93KBJS8,Past traveler,2023-10-09,2023-10-12,3,2023-10-09,148.6,Alia 22,Mohamed
HMZNAH3NHR,Past traveler,2023-10-10,2023-10-12,2,2023-10-10,85.36,Alia 22,Mohamed
HMNAF4N8ZB,Past traveler,2023-10-11,2023-10-13,2,2023-07-31,291.0,Oumnia A2 17,Mounia
HMFSWZNQ2Q,Past traveler,2023-10-12,2023-10-15,3,2023-10-11,147.44,Alia 22,Mohamed
HMPKRD3TQE,Past traveler,2023-10-13,2023-10-15,2,2023-10-13,112.56,Alia 22,Mohamed
HMNF2NTPJ5,Past traveler,2023-10-13,2023-10-16,3,2023-10-12,151.61,Alia 41,Mohamed
HMSYXEHTWT,Past traveler,2023-10-14,2023-10-16,2,2023-10-06,292.94,Oumnia A2 17,Mounia
HMR5KF8CZE,Past traveler,2023-10-15,2023-10-20,5,2023-10-15,217.28,Alia 22,Mohamed
HMXNPXDXE2,Past traveler,2023-10-20,2023-10-23,3,2023-10-18,150.35,Alia 37,Mounia
HMH4JK8F2C,Past traveler,2023-10-20,2023-10-27,7,2023-09-08,924.41,Oumnia A2 17,Mounia
HMFYR4JBHB,Past traveler,2023-10-20,2023-10-27,7,2023-10-17,329.02,Alia 41,Mohamed
HME9RZAH9Z,Past traveler,2023-10-21,2023-10-23,2,2023-10-21,103.05,Alia 22,Mohamed
HMS3RMPYNE,Past traveler,2023-10-24,2023-11-01,8,2023-10-23,358.51,Alia 37,Mounia
HMW95BCWP2,Past traveler,2023-10-26,2023-10-30,4,2023-10-26,176.09,Alia 22,Mohamed
HMYA3XBDWM,Past traveler,2023-10-27,2023-10-31,4,2023-10-12,537.38,Oumnia A2 17,Mounia
HMQQFARRBF,Past traveler,2023-10-27,2023-11-03,7,2023-10-27,269.95,Alia 22,Mohamed
HMPAQ2NWNX,Past traveler,2023-10-28,2023-11-06,9,2023-10-27,392.61,Alia 41,Mohamed
HMQJZXEXTX,Past traveler,2023-11-01,2023-11-03,2,2023-10-31,98.14,Alia 22,Mohamed
HMBJJK8S3B,Past traveler,2023-11-01,2023-11-03,2,2023-10-31,107.75,Alia 37,Mounia
HM4ZPPT22E,Past traveler,2023-11-02,2023-11-09,7,2023-11-02,816.11,Oumnia A2 17,Mounia
HMERMZC24R,Cancelled by the traveler,2023-11-03,2023-11-06,3,2023-11-03,132.08,Alia 37,Mounia
HMXHBZWHB4,Past traveler,2023-11-03,2023-11-07,4,2023-11-02,177.68,Alia 22,Mohamed
HM2TQX8H5H,Past traveler,2023-11-04,2023-11-07,3,2023-11-03,152.37,Alia 37,Mounia
HM45MK9CPN,Past traveler,2023-11-04,2023-11-17,13,2023-10-29,484.71,Alia 22,Mohamed
HMTFEPQPNP,Past traveler,2023-11-07,2023-11-10,3,2023-11-06,152.37,Alia 37,Mounia
HMYAYK9FHX,Past traveler,2023-11-10,2023-11-12,2,2023-11-08,98.94,Alia 22,Mohamed
HMW2TBE8QR,Past traveler,2023-11-10,2023-11-13,3,2023-11-04,153.26,Alia 37,Mounia
HMA9NEESY4,Past traveler,2023-11-11,2023-11-16,5,2023-11-09,237.65,Alia 41,Mohamed
HMDNFTAMWB,Past traveler,2023-11-13,2023-12-13,30,2023-11-08,1023.64,Alia 22,Mohamed
HMS2QMBH2Z,Trip modification sent,2023-11-16,2023-11-19,3,2023-11-16,151.48,Alia 37,Mounia
HMQXE2Z3FQ,Past traveler,2023-11-16,2023-12-15,29,2023-10-20,1259.93,Alia 41,Mohamed
HMKAM8SZ99,Past traveler,2023-11-17,2023-11-19,2,2023-11-17,98.14,Alia 22,Mohamed
HMRRXD28BK,Past traveler,2023-11-24,2023-11-28,4,2023-11-20,417.1,Oumnia A2 17,Mounia
HMESYPAXQ8,Past traveler,2023-11-24,2023-11-28,4,2023-11-22,167.52,Alia 22,Mohamed
HMWM9W2BSZ,Past traveler,2023-11-25,2023-11-28,3,2023-11-24,140.81,Alia 37,Mounia
HMRJCZM9HY,Past traveler,2023-12-01,2023-12-10,9,2023-11-28,417.49,Alia 37,Mounia
HM9FRF3YJQ,Past traveler,2023-12-02,2023-12-09,7,2023-11-19,269.95,Alia 22,Mohamed
HMFA8KN5CZ,Past traveler,2023-12-07,2023-12-10,3,2023-12-04,368.6,Oumnia A2 17,Mounia
HMSSTQTQSB,Past traveler,2023-12-14,2023-12-16,2,2023-12-13,98.54,Alia 22,Mohamed
HM34B9WDNJ,Past traveler,2023-12-14,2023-12-24,10,2023-12-13,558.48,Alia 37,Mounia
HMPMNNJJPJ,Past traveler,2023-12-15,2023-12-18,3,2023-12-07,135.8,Alia 22,Mohamed
HMATDDW2NM,Past traveler,2023-12-15,2023-12-19,4,2023-12-14,571.09,Oumnia A2 17,Mounia
HMHYCWSESS,Past traveler,2023-12-15,2023-12-24,9,2023-11-26,425.78,Alia 41,Mohamed
HMDTKYNBXT,Past traveler,2023-12-22,2023-12-26,4,2023-12-12,688.7,Oumnia A2 17,Mounia
HMTFA9M23D,Past traveler,2023-12-22,2023-12-28,6,2023-12-22,344.23,Alia 22,Mohamed
HMNPWHDREZ,Past traveler,2023-12-24,2023-12-28,4,2023-12-09,256.08,Alia 41,Mohamed
HMAZ2Z4XBP,Past traveler,2023-12-24,2024-01-07,14,2023-12-12,909.57,Alia 37,Mounia
HMP49HZ233,Past traveler,2023-12-27,2023-12-29,2,2023-12-27,125.87,Alia 22,Mohamed
HMZFTZTJXJ,Past traveler,2023-12-27,2023-12-30,3,2023-12-12,528.65,Oumnia A2 17,Mounia
HMNFQ35CRY,Past traveler,2023-12-28,2023-12-31,3,2023-12-21,182.36,Alia 22,Mohamed
HMFEA8M9MR,Past traveler,2023-12-28,2024-01-03,6,2023-12-13,397.7,Alia 41,Mohamed
HMNPDT4WZN,Past traveler,2023-12-29,2024-01-02,4,2023-12-18,236.68,Alia 22,Mohamed
HM9B4MTRKM,Past traveler,2023-12-31,2024-01-06,6,2023-12-29,354.05,Alia 22,Mohamed
HM52KK5QMQ,Past traveler,2024-01-04,2024-01-10,6,2024-01-04,282.66,Alia 41,Mohamed
HMSF2D922T,Past traveler,2024-01-05,2024-01-07,2,2024-01-03,108.64,Alia 22,Mohamed
HMHZ5FD4WK,Past traveler,2024-01-05,2024-01-08,3,2024-01-05,366.66,Oumnia A2 17,Mounia
HMSSJMKZRE,Past traveler,2024-01-07,2024-01-14,7,2024-01-07,288.28,Alia 22,Mohamed
HMEFY2X5ZR,Past traveler,2024-01-07,2024-01-18,11,2024-01-07,485.68,Alia 37,Mounia
HMZP5P8WN3,Past traveler,2024-01-10,2024-01-13,3,2024-01-10,151.48,Alia 22,Mohamed
HMW2E3QBDT,Past traveler,2024-01-11,2024-01-13,2,2024-01-11,104.18,Alia 41,Mohamed
HM59Z8A3DM,Past traveler,2024-01-13,2024-01-15,2,2024-01-05,108.64,Alia 41,Mohamed
HMDP5NCH8Y,Past traveler,2024-01-13,2024-01-24,11,2023-11-26,1315.56,Oumnia A2 17,Mounia
HM2JS338WX,Past traveler,2024-01-19,2024-01-21,2,2024-01-08,108.64,Alia 41,Mohamed
HMF8FS5ZHD,Past traveler,2024-01-19,2024-01-23,4,2024-01-19,181.14,Alia 22,Mohamed
HMPNKBRQH3,Past traveler,2024-01-22,2024-01-29,7,2024-01-01,341.92,Alia 37,Mounia
HMHWPTE45D,Past traveler,2024-01-23,2024-01-30,7,2024-01-23,335.47,Alia 41,Mohamed
HMXD9MDP2K,Past traveler,2024-01-26,2024-01-28,2,2024-01-24,285.18,Oumnia A2 17,Mounia
HM8CKQYR49,Past traveler,2024-01-26,2024-01-29,3,2024-01-22,141.62,Alia 22,Mohamed
HM2BHN2HNJ,Past traveler,2024-01-30,2024-02-03,4,2024-01-29,470.36,Oumnia A2 17,Mounia
HMTJWR5D5N,Past traveler,2024-01-30,2024-02-05,6,2024-01-29,302.2,Alia 41,Mohamed
HMWSP8FP8S,Past traveler,2024-02-02,2024-02-05,3,2024-02-01,140.81,Alia 22,Mohamed
HMAN4MPFEQ,Past traveler,2024-02-02,2024-02-06,4,2024-02-01,185.82,Alia 22,Mohamed
HMZN8MQE92,Past traveler,2024-02-03,2024-02-10,7,2024-02-01,335.47,Alia 37,Mounia
HMAWXKN4XC,Past traveler,2024-02-07,2024-02-12,5,2024-01-10,249.92,Alia 41,Mohamed
HMBTRWHEMD,Past traveler,2024-02-08,2024-02-10,2,2024-02-08,94.3,Alia 22,Mohamed
HMY8J9RJ2B,Past traveler,2024-02-08,2024-02-11,3,2024-02-08,363.58,Oumnia A2 17,Mounia
HMJKTFHYHZ,Past traveler,2024-02-08,2024-02-15,7,2024-02-08,269.53,Alia 22,Mohamed
HMRFECW99Q,Past traveler,2024-02-10,2024-02-13,3,2024-02-09,132.51,Alia 22,Mohamed
HMNTCMB5RE,Past traveler,2024-02-10,2024-02-14,4,2024-02-10,196.1,Alia 37,Mounia
HMJD3HN5B2,Past traveler,2024-02-12,2024-02-16,4,2024-01-31,537.38,Oumnia A2 17,Mounia
HMCXEFD2A9,Past traveler,2024-02-13,2024-02-18,5,2024-02-13,207.79,Alia 22,Mohamed
HM3YAHX5MW,Past traveler,2024-02-15,2024-02-17,2,2024-02-12,108.64,Alia 37,Mounia
HMBJRK9ECE,Past traveler,2024-02-15,2024-02-18,3,2024-02-15,157.24,Alia 41,Mohamed
HMBYFAXYKK,Past traveler,2024-02-16,2024-02-19,3,2024-02-12,135.8,Alia 22,Mohamed
HM33M89XAP,Past traveler,2024-02-17,2024-02-21,4,2024-02-03,494.7,Oumnia A2 17,Mounia
HMFM3KTHNP,Past traveler,2024-02-18,2024-02-20,2,2024-02-18,82.59,Alia 22,Mohamed
HMR2MHKJ88,Past traveler,2024-02-18,2024-03-10,21,2024-02-11,920.63,Alia 37,Mounia
HM4WRENETR,Past traveler,2024-02-20,2024-02-23,3,2024-02-20,132.13,Alia 22,Mohamed
HM3D5RTS4W,Past traveler,2024-02-20,2024-02-25,5,2024-02-15,257.05,Alia 41,Mohamed
HMQEM4TTXX,Past traveler,2024-02-22,2024-02-24,2,2024-02-21,100.07,Alia 22,Mohamed
HMQFBEPYWJ,Past traveler,2024-02-23,2024-02-25,2,2024-02-22,94.68,Alia 22,Mohamed
HM83RC4ZP3,Past traveler,2024-02-24,2024-03-02,7,2024-01-28,861.26,Oumnia A2 17,Mounia
HMMDCEFJ3N,Past traveler,2024-02-25,2024-02-28,3,2024-02-24,132.51,Alia 22,Mohamed
HMQHCK2HZW,Past traveler,2024-02-25,2024-03-04,8,2024-02-15,329.02,Alia 22,Mohamed
HMANFE4DTW,Past traveler,2024-02-26,2024-03-04,7,2024-02-25,346.53,Alia 41,Mohamed
HMJ9JXNX5S,Past traveler,2024-03-01,2024-03-05,4,2024-02-29,193.56,Alia 22,Mohamed
HMQ39Q22QD,Past traveler,2024-03-03,2024-03-07,4,2024-02-02,500.99,Oumnia A2 17,Mounia
HME3CERRAD,Past traveler,2024-03-04,2024-03-07,3,2024-02-29,164.9,Alia 41,Mohamed
HMPMZNE4JR,Past traveler,2024-03-06,2024-03-08,2,2024-03-06,98.14,Alia 22,Mohamed
HMDTCFTQYP,Past traveler,2024-03-07,2024-03-09,2,2024-03-06,102.63,Alia 41,Mohamed
HMTKH3H8P8,Past traveler,2024-03-07,2024-03-10,3,2024-02-23,441.35,Oumnia A2 17,Mounia
HMT8NXRAB5,Past traveler,2024-03-08,2024-03-10,2,2024-03-08,97.35,Alia 22,Mohamed
HMNCNB59DA,Past traveler,2024-03-08,2024-03-15,7,2024-03-07,269.95,Alia 22,Mohamed
HMR8ATKNSR,Past traveler,2024-03-09,2024-03-17,8,2024-03-07,343.77,Alia 41,Mohamed
HMKX2E9WN2,Past traveler,2024-03-20,2024-03-26,6,2024-02-15,761.45,Oumnia A2 17,Mounia
HMBY998QPT,Past traveler,2024-03-28,2024-04-06,9,2024-03-27,392.61,Alia 41,Mohamed
HMSBJ9W34B,Past traveler,2024-03-29,2024-03-31,2,2024-03-04,316.22,Oumnia A2 17,Mounia
HMBSTT3X28,Past traveler,2024-04-08,2024-04-17,9,2024-04-08,442.37,Alia 41,Mohamed
HMQR8BFREQ,Trip modification request,2024-04-10,2024-04-13,3,2024-04-10,165.83,Alia 37,Mounia
HMCRNRCXPT,Past traveler,2024-04-11,2024-04-14,3,2024-04-10,382.23,Oumnia A2 17,Mounia
HMPK3M28AP,Past traveler,2024-04-11,2024-04-14,3,2024-04-11,158.15,Alia 22,Mohamed
HMXDW4CW8H,Past traveler,2024-04-11,2024-04-18,7,2024-04-11,322.57,Alia 22,Mohamed
HMPRXRP9K8,Past traveler,2024-04-12,2024-04-14,2,2024-04-12,171.5,Menara 15,Mohamed
HMKCWYWQMB,Past traveler,2024-04-13,2024-04-15,2,2024-04-13,112.56,Alia 37,Mounia
HMJKJBMAEN,Past traveler,2024-04-14,2024-04-19,5,2024-04-01,654.75,Oumnia A2 17,Mounia
HM2BSBSZEB,Past traveler,2024-04-15,2024-04-18,3,2024-04-15,160.09,Alia 37,Mounia
HMSMRPXX4E,Past traveler,2024-04-17,2024-04-19,2,2024-04-17,109.71,Alia 41,Mohamed
HM5YQXBFZ9,Past traveler,2024-04-18,2024-04-20,2,2024-04-18,155.98,Menara 15,Mohamed
HMCSHDQTR9,Past traveler,2024-04-18,2024-04-20,2,2024-04-18,108.76,Alia 22,Mohamed
HM2S3KBMRR,Past traveler,2024-04-19,2024-04-24,5,2024-04-17,257.05,Alia 41,Mohamed
HMSXMMR8DN,Past traveler,2024-04-20,2024-04-22,2,2024-04-20,155.98,Menara 15,Mohamed
HMKZSQ2PD3,Past traveler,2024-04-20,2024-04-23,3,2024-02-19,433.49,Oumnia A2 17,Mounia
HMPEPX2WZM,Past traveler,2024-04-20,2024-04-28,8,2024-04-16,354.63,Alia 22,Mohamed
HMBF4SXWWB,Past traveler,2024-04-22,2024-04-24,2,2024-04-22,108.76,Alia 22,Mohamed
HMFXMPXR9F,Past traveler,2024-04-24,2024-04-25,1,2024-04-24,104.95,Alia 37,Mounia
HMXYSWN92Z,Past traveler,2024-04-24,2024-04-27,3,2024-04-23,159.61,Alia 41,Mohamed
HMPWJCQEJ3,Past traveler,2024-04-24,2024-05-03,9,2024-04-19,634.38,Menara 15,Mohamed
HMBHEKFWNK,Past traveler,2024-04-25,2024-04-28,3,2024-04-24,149.48,Alia 37,Mounia
HMHD42255T,Past traveler,2024-04-25,2024-04-30,5,2024-04-15,674.15,Oumnia A2 17,Mounia
HMAQD99J4S,Past traveler,2024-04-26,2024-04-29,3,2024-04-25,178.38,Alia 22,Mohamed
HMQQ449FA4,Past traveler,2024-04-27,2024-05-03,6,2024-04-24,304.58,Alia 41,Mohamed
HMR5NDQ2JJ,Past traveler,2024-04-28,2024-04-30,2,2024-04-26,106.7,Alia 37,Mounia
HM5K3A8Y8W,Past traveler,2024-04-28,2024-05-05,7,2024-04-28,294.39,Alia 22,Mohamed
HM2AMKWJRH,Past traveler,2024-04-29,2024-05-04,5,2024-04-28,227.12,Alia 22,Mohamed
HMQC2JA948,Past traveler,2024-04-30,2024-05-02,2,2024-04-19,112.52,Alia 37,Mounia
HMP4RDTKQN,Past traveler,2024-05-01,2024-05-05,4,2024-04-05,583.94,Oumnia A2 17,Mounia
HMBHHZE8NF,Past traveler,2024-05-02,2024-05-04,2,2024-05-01,113.51,Alia 37,Mounia
HMSMT93QX4,Past traveler,2024-05-03,2024-05-05,2,2024-04-30,114.46,Alia 41,Mohamed
HMBA3R2P25,Past traveler,2024-05-03,2024-05-07,4,2024-04-21,291.0,Menara 15,Mohamed
HM23MZBJXY,Past traveler,2024-05-04,2024-05-06,2,2024-05-03,113.51,Alia 37,Mounia
HMN8EEE5T5,Past traveler,2024-05-04,2024-05-09,5,2024-05-01,227.12,Alia 22,Mohamed
HM8EYA3FDT,Past traveler,2024-05-05,2024-05-07,2,2024-05-01,114.46,Alia 41,Mohamed
HMKF28BDX9,Past traveler,2024-05-06,2024-05-11,5,2024-05-04,237.65,Alia 22,Mohamed
HMFHMSNCAF,Past traveler,2024-05-06,2024-05-12,6,2024-05-04,304.58,Alia 37,Mounia
HMS9AACN44,Past traveler,2024-05-07,2024-05-09,2,2024-04-28,252.2,Oumnia A2 17,Mounia
HMPD2S5JJB,Past traveler,2024-05-07,2024-05-09,2,2024-05-07,155.2,Menara 15,Mohamed
HM4W2ESM2Q,Past traveler,2024-05-07,2024-05-10,3,2024-05-06,159.61,Alia 41,Mohamed
HMBEYSWKSQ,Past traveler,2024-05-09,2024-05-11,2,2024-04-26,252.2,Oumnia A2 17,Mounia
HM3S29EX5R,Past traveler,2024-05-09,2024-05-11,2,2024-05-09,155.2,Menara 15,Mohamed
HMKSWBZJSQ,Past traveler,2024-05-09,2024-05-21,12,2024-05-04,507.79,Alia 22,Mohamed
HMYAJ2PS3D,Past traveler,2024-05-11,2024-05-16,5,2024-05-07,358.9,Menara 15,Mohamed
HM2R43S2HE,Past traveler,2024-05-11,2024-05-18,7,2024-05-01,294.39,Alia 22,Mohamed
HMK9MB8ADE,Past traveler,2024-05-11,2024-05-25,14,2024-04-19,673.66,Alia 41,Mohamed
HMN9FTHC85,Past traveler,2024-05-12,2024-05-15,3,2024-05-12,395.37,Oumnia A2 17,Mounia
HMAK54YFYQ,Past traveler,2024-05-12,2024-05-17,5,2024-05-11,256.1,Alia 37,Mounia
HMZJEZPHQ8,Past traveler,2024-05-17,2024-05-19,2,2024-05-17,110.66,Alia 37,Mounia
HMHYYYTDKE,Past traveler,2024-05-17,2024-05-21,4,2024-04-14,539.01,Oumnia A2 17,Mounia
HM3THMNC32,Past traveler,2024-05-17,2024-05-21,4,2024-05-07,291.0,Menara 15,Mohamed
HMTW5QKBCZ,Past traveler,2024-05-18,2024-05-21,3,2024-05-17,149.91,Alia 22,Mohamed
HMFRXJ4CKH,Past traveler,2024-05-21,2024-05-25,4,2024-05-19,291.0,Menara 15,Mohamed
HMDFCN5M3Z,Cancelled by the traveler,2024-05-21,2024-05-28,7,2024-05-19,294.39,Alia 22,Mohamed
HMSABZ8DXC,Past traveler,2024-05-23,2024-05-25,2,2024-05-21,259.96,Oumnia A2 17,Mounia
HMQF9ZHY3B,Trip modification sent,2024-05-23,2024-05-26,3,2024-05-23,148.6,Alia 22,Mohamed
HMTB3MHANJ,Past traveler,2024-05-23,2024-05-28,5,2024-05-23,229.06,Alia 22,Mohamed
HMW4WWZHKW,Past traveler,2024-05-27,2024-05-30,3,2024-05-20,173.63,Alia 37,Mounia
HMATH5JDT2,Past traveler,2024-05-27,2024-06-02,6,2024-05-24,281.3,Alia 22,Mohamed
HMPX5PXE5P,Past traveler,2024-05-27,2024-06-03,7,2024-02-07,911.95,Oumnia A2 17,Mounia
HMDAJ93PWR,Past traveler,2024-05-27,2024-06-03,7,2024-05-01,459.39,Menara 15,Mohamed
HM2SXJQXER,Past traveler,2024-05-27,2024-06-07,11,2024-05-15,527.15,Alia 41,Mohamed
HMBWC42MEE,Past traveler,2024-05-28,2024-06-01,4,2024-05-20,194.0,Alia 22,Mohamed
HMSJAWBBCN,Past traveler,2024-05-30,2024-06-02,3,2024-05-29,189.95,Alia 37,Mounia
HMN4HQ9KAD,Past traveler,2024-06-01,2024-06-04,3,2024-06-01,163.93,Alia 22,Mohamed
HMJ58BX238,Past traveler,2024-06-03,2024-06-06,3,2024-05-25,231.83,Menara 15,Mohamed
HM3B4ZEHWP,Past traveler,2024-06-07,2024-06-09,2,2024-06-07,113.39,Alia 41,Mohamed
HMQ32QCJN5,Past traveler,2024-06-08,2024-06-11,3,2024-06-03,237.65,Menara 15,Mohamed
HMQM9BY5A3,Past traveler,2024-06-12,2024-06-14,2,2024-06-12,155.2,Menara 15,Mohamed
HMSZTZSD3N,Past traveler,2024-06-16,2024-06-18,2,2024-06-10,155.2,Menara 15,Mohamed
HMXHDC3DC2,Past traveler,2024-06-17,2024-06-22,5,2024-06-17,225.16,Alia 22,Mohamed
HMPWBJ4WTW,Past traveler,2024-06-18,2024-06-20,2,2024-06-09,155.2,Menara 15,Mohamed
HM4MHMMJ4B,Past traveler,2024-06-20,2024-06-22,2,2024-06-20,113.39,Alia 41,Mohamed
HM823JZ8Q5,Past traveler,2024-06-21,2024-06-24,3,2024-06-18,228.92,Menara 15,Mohamed
HMK8TAMKCD,Past traveler,2024-06-21,2024-06-28,7,2024-06-21,324.42,Alia 37,Mounia
HMWKWJHPRC,Past traveler,2024-06-21,2024-07-01,10,2024-05-18,1281.1,Oumnia A2 17,Mounia
HMSMMEWQTH,Cancelled by the traveler,2024-06-22,2024-06-29,7,2024-05-20,223.05,Menara 15,Mohamed
HMNQ3EC2JM,Past traveler,2024-06-24,2024-06-28,4,2024-06-24,212.33,Alia 41,Mohamed
HMK9FQCZQN,Past traveler,2024-06-25,2024-06-28,3,2024-06-25,231.83,Menara 15,Mohamed
HMJ2WWN3EW,Past traveler,2024-06-25,2024-07-25,30,2024-06-23,1074.76,Alia 22,Mohamed
HME9MBAMMZ,Past traveler,2024-06-28,2024-06-30,2,2024-06-26,118.34,Alia 41,Mohamed
HMBS9EH82X,Past traveler,2024-07-02,2024-07-04,2,2024-07-01,102.63,Alia 41,Mohamed
HMP5Q9TQSP,Past traveler,2024-07-04,2024-07-08,4,2024-07-04,473.17,Oumnia A2 17,Mounia
HM3MDA354H,Past traveler,2024-07-04,2024-07-08,4,2024-07-04,287.12,Menara 15,Mohamed
HM4T3QZ93Q,Past traveler,2024-07-05,2024-07-08,3,2024-07-05,143.17,Alia 41,Mohamed
HMJQ8ZZCRN,Cancelled by the traveler,2024-07-06,2024-07-08,2,2024-07-03,133.86,Menara 15,Mohamed
HMZ8BXS4FM,Past traveler,2024-07-09,2024-07-16,7,2024-07-02,467.25,Menara 15,Mohamed
HMFC8CA53W,Past traveler,2024-07-11,2024-07-15,4,2024-07-09,178.48,Alia 41,Mohamed
HMASY5SJ5X,Past traveler,2024-07-12,2024-07-14,2,2024-07-12,135.8,Menara 15,Mohamed
HM8ZZFNS8S,Past traveler,2024-07-12,2024-07-20,8,2024-07-12,310.08,Alia 22,Mohamed
HMP8QFNFZN,Past traveler,2024-07-14,2024-07-20,6,2024-07-13,368.6,Menara 15,Mohamed
HMM3TNP9AS,Past traveler,2024-07-16,2024-07-26,10,2024-06-10,674.15,Menara 15,Mohamed
HMFTQEEHB3,Past traveler,2024-07-17,2024-07-19,2,2024-07-17,94.96,Alia 41,Mohamed
HMJZC3AWAK,Past traveler,2024-07-18,2024-07-24,6,2024-07-12,793.46,Oumnia A2 17,Mounia
HMQYXXPS5X,Past traveler,2024-07-21,2024-07-24,3,2024-07-21,137.55,Alia 41,Mohamed
HM53Q48MQ9,Past traveler,2024-07-21,2024-07-26,5,2024-07-21,219.7,Alia 22,Mohamed
HMWWQTZMWX,Past traveler,2024-07-21,2024-07-29,8,2024-07-18,564.15,Menara 15,Mohamed
HMFCENTWPA,Past traveler,2024-07-24,2024-07-28,4,2024-07-24,193.42,Alia 41,Mohamed
HMC5XMW99T,Past traveler,2024-07-26,2024-08-01,6,2024-07-15,455.9,Menara 15,Mohamed
HMFQBMDEQP,Past traveler,2024-07-26,2024-08-04,9,2024-07-24,341.54,Alia 22,Mohamed
HMKWN3Z8HH,Past traveler,2024-07-27,2024-08-03,7,2024-07-27,1080.58,Oumnia A2 17,Mounia
HMXF5TSKZF,Past traveler,2024-07-29,2024-08-01,3,2024-07-29,260.93,Menara 15,Mohamed
HM5XTQ4B5W,Past traveler,2024-07-30,2024-08-04,5,2024-07-29,217.45,Alia 22,Mohamed
HM2C3DBDAD,Past traveler,2024-07-31,2024-08-05,5,2024-07-31,238.04,Alia 41,Mohamed
HMTC3C2234,Past traveler,2024-08-01,2024-08-03,2,2024-07-18,194.0,Menara 15,Mohamed
HM2QTMSERY,Cancelled by the traveler,2024-08-01,2024-08-04,3,2024-07-30,241.53,Menara 15,Mohamed
HM8MKTBTZS,Past traveler,2024-08-03,2024-08-09,6,2024-07-12,390.91,Menara 15,Mohamed
HMKPNAEPDB,Past traveler,2024-08-03,2024-08-13,10,2024-08-03,461.72,Alia 37,Mounia
HMWW9K54SP,Past traveler,2024-08-04,2024-08-13,9,2024-08-04,359.43,Alia 22,Mohamed
HMZ3Y43Z4R,Past traveler,2024-08-05,2024-08-15,10,2024-06-30,717.8,Menara 15,Mohamed
HMZNY8KPEZ,Past traveler,2024-08-06,2024-08-08,2,2024-08-06,98.14,Alia 22,Mohamed
HMCEFR25NS,Past traveler,2024-08-06,2024-08-09,3,2024-08-06,480.63,Oumnia A2 17,Mounia
HMWJ8YRAZY,Past traveler,2024-08-09,2024-08-13,4,2024-08-09,341.44,Menara 15,Mohamed
HMHD33C2K2,Past traveler,2024-08-09,2024-08-14,5,2024-07-31,218.25,Alia 22,Mohamed
HMXZJ8BJP4,Past traveler,2024-08-10,2024-08-15,5,2024-08-06,921.5,Oumnia A2 17,Mounia
HMBSEX22PK,Past traveler,2024-08-11,2024-08-17,6,2024-08-11,288.38,Alia 41,Mohamed
HMKHHKWQZS,Past traveler,2024-08-13,2024-08-15,2,2024-08-13,110.66,Alia 37,Mounia
HMSXMCJHW9,Past traveler,2024-08-13,2024-08-16,3,2024-08-13,454.74,Palmeraie B9 A1,Mounia
HMSXEWWCHH,Past traveler,2024-08-13,2024-08-17,4,2024-08-13,184.57,Alia 22,Mohamed
HMF2R8QZTP,Past traveler,2024-08-13,2024-08-20,7,2024-07-20,569.39,Menara 15,Mohamed
HM8RFRXF9Q,Past traveler,2024-08-15,2024-08-17,2,2024-08-15,110.66,Alia 37,Mounia
HMPCBPA8N3,Past traveler,2024-08-15,2024-08-18,3,2024-08-14,255.11,Menara 15,Mohamed
HMX9Z5R38B,Past traveler,2024-08-15,2024-08-25,10,2024-08-13,394.79,Alia 22,Mohamed
HMTWEX58QE,Past traveler,2024-08-16,2024-08-19,3,2024-08-15,439.6,Palmeraie B9 A1,Mounia
HM4PHARZ9B,Past traveler,2024-08-16,2024-08-23,7,2024-08-09,1016.08,Oumnia A2 17,Mounia
HMKYYRYMDC,Past traveler,2024-08-17,2024-08-19,2,2024-08-17,110.66,Alia 37,Mounia
HMZCZ4TS8X,Past traveler,2024-08-17,2024-08-19,2,2024-08-17,112.56,Alia 22,Mohamed
HMWJCSQB5S,Past traveler,2024-08-18,2024-08-24,6,2024-06-23,301.38,Alia 41,Mohamed
HMAPBRCMH2,Past traveler,2024-08-19,2024-08-22,3,2024-08-19,252.2,Menara 15,Mohamed
HM3AFBBS3Q,Past traveler,2024-08-19,2024-08-25,6,2024-08-18,909.86,Palmeraie B9 A1,Mounia
HM58M9T9TS,Cancelled by the traveler,2024-08-19,2024-08-26,7,2024-08-02,488.88,Menara 15,Mohamed
HMQAFBFZQ4,Leave a comment on the traveler (expires soon),2024-08-19,2024-08-30,11,2024-08-16,505.95,Alia 37,Mounia
HM2STSYW5Q,Past traveler,2024-08-20,2024-08-22,2,2024-08-19,184.3,Menara 15,Mohamed
HM3PDCMWWB,Past traveler,2024-08-21,2024-08-23,2,2024-08-21,112.56,Alia 22,Mohamed
HMYBW4FTAZ,Past traveler,2024-08-22,2024-08-24,2,2024-08-20,184.3,Menara 15,Mohamed
HMYCEQMZMF,Past traveler,2024-08-23,2024-08-25,2,2024-08-23,112.56,Alia 22,Mohamed
HMQYJFE3TJ,Past traveler,2024-08-23,2024-08-25,2,2024-08-23,174.6,Menara 15,Mohamed
HM4CDCBTF4,Past traveler,2024-08-24,2024-08-26,2,2024-08-24,184.3,Menara 15,Mohamed
HM2T5K82N8,Awaiting comment from the traveler,2024-08-24,2024-08-31,7,2024-08-23,322.57,Alia 41,Mohamed
HM4CDBEDR4,Leave a comment on the traveler (expires soon),2024-08-25,2024-08-27,2,2024-08-24,174.6,Menara 15,Mohamed
HMDWMSPYAC,Leave a comment on the traveler (expires soon),2024-08-26,2024-08-31,5,2024-08-13,455.9,Menara 15,Mohamed
HMYKEHWDNJ,Past traveler,2024-08-27,2024-08-31,4,2024-08-25,329.8,Menara 15,Mohamed
HMCAKRA359,Leave a comment on the traveler (expires soon),2024-08-27,2024-09-01,5,2024-08-25,223.1,Alia 22,Mohamed
HMM5PKWXDH,Past traveler,2024-08-28,2024-08-31,3,2024-08-28,137.12,Alia 22,Mohamed
HMCKQM9KM9,Awaiting comment from the traveler,2024-08-28,2024-09-03,6,2024-08-28,746.9,Palmeraie B9 A1,Mounia
HMCWW9SXRM,Stay in progress,2024-08-30,2024-09-10,11,2024-08-29,505.95,Alia 37,Mounia
HMYEF2T5AD,Stay in progress,2024-08-31,2024-09-10,10,2024-07-28,687.24,Menara 15,Mohamed
HMZQ8R3HYC,Leave a comment on the traveler,2024-09-01,2024-09-08,7,2024-08-28,477.73,Menara 15,Mohamed
HMKDARXHDZ,Cancelled by the traveler,2024-09-06,2024-09-08,2,2024-09-06,42.68,Alia 41,Mohamed
HMD3PSTTWC,Leave a comment on the traveler,2024-09-06,2024-09-09,3,2024-09-06,147.44,Alia 41,Mohamed
HMWSSREK33,Stay in progress,2024-09-06,2024-09-11,5,2024-09-06,582.0,Palmeraie B9 A1,Mounia
HMYHZHWFC9,Stay in progress,2024-09-08,2024-09-12,4,2024-08-25,310.4,Menara 15,Mohamed
HMD4QJA94N,Stay in progress,2024-09-09,2024-09-12,3,2024-09-09,178.48,Alia 41,Mohamed
HMF9FQKJMH,Confirmed,2024-09-13,2024-09-16,3,2024-09-08,224.26,Menara 12,Mohamed
HMSEWA4QQM,Confirmed,2024-09-15,2024-09-20,5,2024-07-30,383.15,Menara 15,Mohamed
HMAK5P48JF,Confirmed,2024-09-19,2024-09-24,5,2024-08-21,802.54,Oumnia A2 17,Mounia
HMKFFKQ9TP,Confirmed,2024-09-22,2024-09-27,5,2024-08-23,383.15,Menara 15,Mohamed
HMN4FFR8YH,Confirmed,2024-09-28,2024-10-05,7,2024-08-10,477.73,Menara 15,Mohamed
HMD3QHKSXQ,Confirmed,2024-10-05,2024-10-11,6,2024-08-26,1139.75,Palmeraie B9 A1,Mounia
HMSYDKCWJK,Confirmed,2024-10-13,2024-10-17,4,2024-08-27,649.28,Oumnia A2 17,Mounia
HMKTFYDWF3,Past traveler,2024-12-13,2024-12-15,2,2024-12-13,97.35,Alia 36,Mohamed
HMT4SCE92Y,Past traveler,2024-11-21,2024-11-28,7,2024-11-21,264.52,Alia 36,Mohamed
HM23FAEWNY,Past traveler,2024-11-15,2024-11-19,4,2024-11-15,165.37,Alia 36,Mohamed
HMW85X48H5,Past traveler,2024-10-21,2024-10-25,4,2024-10-19,166.84,Alia 36,Mohamed
HMPP4Z3WW4,Past traveler,2024-10-17,2024-10-21,4,2024-10-17,165.37,Alia 36,Mohamed
HMM5PKWXDH,Past traveler,2024-08-28,2024-08-31,3,2024-08-28,137.12,Alia 36,Mohamed
HMYCEQMZMF,Past traveler,2024-08-23,2024-08-25,2,2024-08-23,112.56,Alia 36,Mohamed
HM3PDCMWWB,Past traveler,2024-08-21,2024-08-23,2,2024-08-21,112.56,Alia 36,Mohamed
HMZCZ4TS8X,Past traveler,2024-08-17,2024-08-19,2,2024-08-17,112.56,Alia 36,Mohamed
HMSXEWWCHH,Past traveler,2024-08-13,2024-08-17,4,2024-08-13,184.57,Alia 36,Mohamed
HMWW9K54SP,Past traveler,2024-08-04,2024-08-13,9,2024-08-04,359.43,Alia 36,Mohamed
HM5XTQ4B5W,Past traveler,2024-07-30,2024-08-04,5,2024-07-29,217.45,Alia 36,Mohamed
HM53Q48MQ9,Past traveler,2024-07-21,2024-07-26,5,2024-07-21,219.7,Alia 36,Mohamed
HM8ZZFNS8S,Past traveler,2024-07-12,2024-07-20,8,2024-07-12,310.08,Alia 36,Mohamed
HMATH5JDT2,Past traveler,2024-05-27,2024-06-02,6,2024-05-24,281.3,Alia 36,Mohamed
HMQF9ZHY3B,Trip modification sent,2024-05-23,2024-05-26,3,2024-05-23,148.6,Alia 36,Mohamed
HMKSWBZJSQ,Past traveler,2024-05-09,2024-05-21,12,2024-05-04,507.79,Alia 36,Mohamed
HMN8EEE5T5,Past traveler,2024-05-04,2024-05-09,5,2024-05-01,227.12,Alia 36,Mohamed
HM2AMKWJRH,Past traveler,2024-04-29,2024-05-04,5,2024-04-28,227.12,Alia 36,Mohamed
HMAQD99J4S,Past traveler,2024-04-26,2024-04-29,3,2024-04-25,178.38,Alia 36,Mohamed
HMBF4SXWWB,Past traveler,2024-04-22,2024-04-24,2,2024-04-22,108.76,Alia 36,Mohamed
HMCSHDQTR9,Past traveler,2024-04-18,2024-04-20,2,2024-04-18,108.76,Alia 36,Mohamed
HMXDW4CW8H,Past traveler,2024-04-11,2024-04-18,7,2024-04-11,322.57,Alia 36,Mohamed
HMT8NXRAB5,Past traveler,2024-03-08,2024-03-10,2,2024-03-08,97.35,Alia 36,Mohamed
HMQHCK2HZW,Past traveler,2024-02-25,2024-03-04,8,2024-02-15,329.02,Alia 36,Mohamed
HMQEM4TTXX,Past traveler,2024-02-22,2024-02-24,2,2024-02-21,100.07,Alia 36,Mohamed
HMBYFAXYKK,Past traveler,2024-02-16,2024-02-19,3,2024-02-12,135.8,Alia 36,Mohamed
HMJKTFHYHZ,Past traveler,2024-02-08,2024-02-15,7,2024-02-08,269.53,Alia 36,Mohamed
HMWSP8FP8S,Past traveler,2024-02-02,2024-02-05,3,2024-02-01,140.81,Alia 36,Mohamed
HM8CKQYR49,Past traveler,2024-01-26,2024-01-29,3,2024-01-22,141.62,Alia 36,Mohamed
HMZP5P8WN3,Past traveler,2024-01-10,2024-01-13,3,2024-01-10,151.48,Alia 36,Mohamed
HMSF2D922T,Past traveler,2024-01-05,2024-01-07,2,2024-01-03,108.64,Alia 36,Mohamed
HMNPDT4WZN,Past traveler,2023-12-29,2024-01-02,4,2023-12-18,236.68,Alia 36,Mohamed
HMP49HZ233,Past traveler,2023-12-27,2023-12-29,2,2023-12-27,125.87,Alia 36,Mohamed
HMPMNNJJPJ,Past traveler,2023-12-15,2023-12-18,3,2023-12-07,135.8,Alia 36,Mohamed
HMDNFTAMWB,Past traveler,2023-11-13,2023-12-13,30,2023-11-08,1023.64,Alia 36,Mohamed
HMYAYK9FHX,Past traveler,2023-11-10,2023-11-12,2,2023-11-08,98.94,Alia 36,Mohamed
HMXHBZWHB4,Past traveler,2023-11-03,2023-11-07,4,2023-11-02,177.68,Alia 36,Mohamed
HMQJZXEXTX,Past traveler,2023-11-01,2023-11-03,2,2023-10-31,98.14,Alia 36,Mohamed
HMW95BCWP2,Past traveler,2023-10-26,2023-10-30,4,2023-10-26,176.09,Alia 36,Mohamed
HME9RZAH9Z,Past traveler,2023-10-21,2023-10-23,2,2023-10-21,103.05,Alia 36,Mohamed
HMPKRD3TQE,Past traveler,2023-10-13,2023-10-15,2,2023-10-13,112.56,Alia 36,Mohamed
HMS93KBJS8,Past traveler,2023-10-09,2023-10-12,3,2023-10-09,148.6,Alia 36,Mohamed
HM9ZMNRJN3,Past traveler,2023-10-04,2023-10-08,4,2023-10-04,192.25,Alia 36,Mohamed
HM9TPTETYS,Past traveler,2023-09-20,2023-09-24,4,2023-09-19,169.96,Alia 36,Mohamed
HMPFSHWCSK,Past traveler,2023-09-14,2023-09-19,5,2023-09-14,205.52,Alia 36,Mohamed
HMRDNC3D55,Past traveler,2023-09-07,2023-09-10,3,2023-09-07,148.6,Alia 36,Mohamed
HM49EFEB2Z,Past traveler,2023-09-03,2023-09-07,4,2023-09-02,193.03,Alia 36,Mohamed
HMXE5CRXQA,Past traveler,2023-09-01,2023-09-03,2,2023-09-01,104.95,Alia 36,Mohamed
HMC2YNN9AY,Past traveler,2023-08-23,2023-08-27,4,2023-08-23,203.78,Alia 36,Mohamed
HM5C44NSEB,Past traveler,2023-08-20,2023-08-23,3,2023-08-20,157.22,Alia 36,Mohamed
HMJ4ZK4C4M,Past traveler,2023-08-14,2023-08-20,6,2023-08-05,281.3,Alia 36,Mohamed
HMSBPYQQ23,Past traveler,2023-08-12,2023-08-14,2,2023-08-09,106.7,Alia 36,Mohamed
HMK8HDHDW8,Past traveler,2023-08-09,2023-08-12,3,2023-08-08,149.48,Alia 36,Mohamed
HME5Z9M23F,Past traveler,2023-08-07,2023-08-09,2,2023-08-07,104.95,Alia 36,Mohamed
HMFYTR4NA8,Past traveler,2023-08-01,2023-08-07,6,2023-08-01,279.55,Alia 36,Mohamed
HMTPME5RHH,Trip modification sent,2023-07-28,2023-07-31,3,2023-07-28,160.09,Alia 36,Mohamed
HMN9Q8R889,Past traveler,2023-07-26,2023-07-28,2,2023-07-26,112.56,Alia 36,Mohamed
HMPHQQCKWY,Past traveler,2023-07-14,2023-07-17,3,2023-07-13,129.24,Alia 36,Mohamed
HMQMWE3RCY,Past traveler,2023-07-10,2023-07-14,4,2023-07-09,166.1,Alia 36,Mohamed
HMNWHPQCAA,Past traveler,2023-07-02,2023-07-10,8,2023-07-02,351.14,Alia 36,Mohamed
HM5NT2ZHFA,Past traveler,2023-06-25,2023-06-27,2,2023-06-25,93.55,Alia 36,Mohamed
HMZDAM5DE9,Past traveler,2023-06-20,2023-06-25,5,2023-06-13,237.65,Alia 36,Mohamed
HMTDD23TCX,Past traveler,2023-06-15,2023-06-20,5,2023-06-15,207.04,Alia 36,Mohamed
HMZ4MCSKB3,Past traveler,2023-06-06,2023-06-12,6,2023-05-26,281.3,Alia 36,Mohamed
HM4X9NP2Q5,Past traveler,2023-05-21,2023-06-05,15,2023-05-11,599.94,Alia 36,Mohamed
HMH5WE9FND,Past traveler,2023-05-18,2023-05-21,3,2023-05-15,141.62,Alia 36,Mohamed
HMW8TNYBTP,Past traveler,2023-05-13,2023-05-18,5,2023-05-09,223.1,Alia 36,Mohamed
HMP89FZNBF,Past traveler,2023-05-07,2023-05-13,6,2023-05-03,263.84,Alia 36,Mohamed
HMF52CRJYE,Past traveler,2023-05-02,2023-05-06,4,2023-04-30,209.52,Alia 36,Mohamed
HM45QQN4X2,Past traveler,2023-04-30,2023-05-02,2,2023-04-30,112.56,Alia 36,Mohamed
HMZTSSEQEY,Past traveler,2023-02-27,2023-04-30,62,2023-02-08,2813.63,Alia 36,Mohamed
HM94YP5JRT,Past traveler,2023-02-24,2023-02-27,3,2023-02-22,161.99,Alia 36,Mohamed
HMXCJNP8K8,Past traveler,2023-02-21,2023-02-24,3,2023-02-18,147.44,Alia 36,Mohamed
HMP4X5YJSP,Past traveler,2023-02-15,2023-02-20,5,2023-02-04,245.41,Alia 36,Mohamed
HMDYYZE2YF,Past traveler,2023-02-09,2023-02-12,3,2023-02-04,158.11,Alia 36,Mohamed
HM84CX4NRY,Past traveler,2023-02-05,2023-02-08,3,2023-02-04,158.98,Alia 36,Mohamed
HM3T2EN4KM,Past traveler,2023-02-03,2023-02-05,2,2023-02-02,125.03,Alia 36,Mohamed
HM84HHK4MH,Past traveler,2023-01-30,2023-02-02,3,2023-01-17,135.8,Alia 36,Mohamed
HMNH8NJDE2,Cancelled by the traveler,2023-01-28,2023-01-30,2,2023-01-27,105.63,Alia 36,Mohamed
HMHYKAD4EN,Past traveler,2023-01-23,2023-01-28,5,2023-01-14,221.16,Alia 36,Mohamed
HM9CAXFSWX,Past traveler,2023-01-19,2023-01-23,4,2023-01-17,174.6,Alia 36,Mohamed
HMXYSCXWWA,Past traveler,2023-01-16,2023-01-19,3,2023-01-09,135.8,Alia 36,Mohamed
HM3YRP3ASJ,Past traveler,2023-01-12,2023-01-15,3,2023-01-06,156.17,Alia 36,Mohamed
HM2PAFNAK2,Past traveler,2023-01-10,2023-01-12,2,2023-01-10,95.45,Alia 36,Mohamed
HMCMED5ESX,Past traveler,2023-01-07,2023-01-10,3,2022-12-31,159.08,Alia 36,Mohamed
HMR35DWQ2F,Past traveler,2023-01-04,2023-01-07,3,2023-01-01,159.08,Alia 36,Mohamed
HMNDZYNQ52,Past traveler,2022-12-27,2023-01-03,7,2022-12-08,360.35,Alia 36,Mohamed
HMWXCMTER5,Past traveler,2022-12-21,2022-12-27,6,2022-12-08,281.3,Alia 36,Mohamed
HMA8AK3FYE,Past traveler,2022-12-15,2022-12-21,6,2022-12-06,281.3,Alia 36,Mohamed
HM382WJYYF,Past traveler,2022-12-03,2022-12-13,10,2022-11-27,416.13,Alia 36,Mohamed
HMPNZDQ8EB,Past traveler,2022-12-01,2022-12-03,2,2022-12-01,103.05,Alia 36,Mohamed
HMQ5YZM3WA,Past traveler,2022-11-27,2022-11-30,3,2022-11-27,142.86,Alia 36,Mohamed
HMJMY8JKX4,Past traveler,2022-11-24,2022-11-27,3,2022-11-07,154.23,Alia 36,Mohamed
HMSQTEH5JR,Past traveler,2022-11-22,2022-11-24,2,2022-11-19,95.06,Alia 36,Mohamed
HMP9WK949Q,Past traveler,2022-11-14,2022-11-21,7,2022-10-28,329.02,Alia 36,Mohamed
HM3N4XTJH4,Past traveler,2022-11-11,2022-11-14,3,2022-11-09,161.99,Alia 36,Mohamed
HM8E4PBZ2J,Past traveler,2022-11-01,2022-11-11,10,2022-10-31,467.25,Alia 36,Mohamed
HMAYD4FEJ5,Past traveler,2022-10-29,2022-11-01,3,2022-10-27,147.44,Alia 36,Mohamed
HMTQCPWSFE,Past traveler,2022-10-27,2022-10-29,2,2022-10-25,97.0,Alia 36,Mohamed
HMFTRSWK8Y,Past traveler,2022-10-21,2022-10-27,6,2022-10-10,288.09,Alia 36,Mohamed
HMHMC3QP8F,Past traveler,2022-10-18,2022-10-20,2,2022-10-18,110.66,Alia 36,Mohamed
HMT324583X,Past traveler,2022-10-08,2022-10-18,10,2022-10-02,495.82,Alia 36,Mohamed
HMSKCZ9PD5,Past traveler,2022-10-01,2022-10-07,6,2022-09-22,287.12,Alia 36,Mohamed
HMWAHR4NRJ,Past traveler,2022-09-28,2022-10-01,3,2022-09-25,146.47,Alia 36,Mohamed
HMQH4T2XFT,Past traveler,2022-09-24,2022-09-28,4,2022-09-17,192.06,Alia 36,Mohamed
HMKM4WETAS,Past traveler,2022-09-20,2022-09-23,3,2022-09-15,148.41,Alia 36,Mohamed
HM3ZHN3NTN,Past traveler,2022-09-18,2022-09-20,2,2022-09-18,95.45,Alia 36,Mohamed
HMRNJ55994,Past traveler,2022-09-13,2022-09-18,5,2022-09-10,218.44,Alia 36,Mohamed
HMHF3W2FQD,Past traveler,2022-09-11,2022-09-13,2,2022-09-10,94.3,Alia 36,Mohamed
HM2PCMEFM4,Past traveler,2022-09-08,2022-09-11,3,2022-09-06,151.32,Alia 36,Mohamed
HMXP3XARY4,Past traveler,2022-09-06,2022-09-08,2,2022-09-06,99.25,Alia 36,Mohamed
HM8X8KWW5C,Past traveler,2022-08-31,2022-09-05,5,2022-08-25,223.1,Alia 36,Mohamed
HM2ZPCMRRR,Past traveler,2022-08-24,2022-08-28,4,2022-08-20,192.06,Alia 36,Mohamed
HMM8NCHJFK,Past traveler,2022-08-21,2022-08-24,3,2022-08-20,132.13,Alia 36,Mohamed
HMKRCJK2D4,Past traveler,2022-08-10,2022-08-21,11,2022-08-07,542.23,Alia 36,Mohamed
HM2TNYJTWN,Past traveler,2022-08-06,2022-08-09,3,2022-08-06,160.09,Alia 36,Mohamed
HM8YJRPTHS,Past traveler,2022-07-28,2022-08-06,9,2022-07-27,481.06,Alia 36,Mohamed
HMF9Z4PCAC,Past traveler,2022-07-09,2022-07-25,16,2022-06-22,733.32,Alia 36,Mohamed
HMNHSHDAPT,Past traveler,2022-07-02,2022-07-04,2,2022-06-24,118.34,Alia 36,Mohamed
HMA9XNYRKT,Past traveler,2022-06-16,2022-06-25,9,2022-06-12,368.6,Alia 36,Mohamed
HMDSZH35J5,Past traveler,2022-06-01,2022-06-15,14,2022-05-27,627.78,Alia 36,Mohamed
HM3D5ZBAXH,Past traveler,2022-05-29,2022-06-01,3,2022-05-21,156.17,Alia 36,Mohamed
HMKM2YBHNR,Past traveler,2022-05-20,2022-05-29,9,2022-05-19,411.59,Alia 36,Mohamed
